UniqueCount	AmbigCount
0	0
0	0
115	0
82	0
1704	0
0	0
11937	0
132	0
24	0
19	0
36	0
37	0
533	0
35	0
42	0
28	0
0	0
0	0
325	0
207	0
0	0
238	0
0	0
18	0
200	0
85	0
657	0
99	0
54	0
304	11
19	11
20	0
19	0
358	0
40	0
72	0
0	0
36	0
24	0
44	0
0	0
25	0
869	0
147	0
0	0
3	0
9	0
13409	0
39	0
92	0
139	0
0	0
290	0
134	0
122	0
15	0
1	0
7	0
40	0
0	0
46	0
65	0
118	0
259	0
7	0
5	0
0	0
132	0
48	0
0	0
42	0
114	0
81	0
23	0
6	7
1	0
0	0
1	0
1	0
0	2
0	0
4	0
0	0
11	0
1	0
0	0
154	0
119	0
35	0
126	0
18	0
31868	0
11834	0
166	0
150	0
28	0
72	0
0	0
0	0
5	0
73	0
56	0
4	0
2	0
38	0
15	0
0	0
4	0
195	0
2	0
8	6
0	0
4	0
0	0
2	0
0	0
8	0
23	0
0	0
0	0
4	0
0	0
0	0
0	0
0	0
