gene_id	gene_name	RAP1_IAA_30M_REP1	RAP1_UNINDUCED_REP1	RAP1_UNINDUCED_REP2	WT_REP1	WT_REP2
Gfp_transgene_gene	Gfp_transgene_gene	0	0	0	0	0
HRA1	HRA1	0	0	0	0	0
YAL001C	TFC3	55.4757406667251	69.9131565461597	113.180755161147	60.5041273582775	30.2699296661511
YAL002W	VPS8	36.3445031663518	32.4481414951453	80.5868024482373	63.5897259438347	25.2488443714189
YAL003W	EFB1	598.078425278903	889.18794684682	1858.7440387294	1048.51829202536	664.669699150659
YAL004W	YAL004W	1.01990229203398	0	0	0	1.01780478786256
YAL005C	SSA1	6059.81648752799	6077.17346946104	12769.6997483933	8011.85701976335	4176.90470831429
YAL007C	ERP2	43.7180880188733	61.0564389793232	143.843936583586	56.8776170696764	41.7313012846378
YAL008W	FUN14	13.1914942236159	18.8393800992615	26.5829462632311	9.39567086593305	2.81938202951166
YAL009W	SPO7	13.5126900276787	15.9029751244172	20.1332972744246	8.66836510551424	4.81898085666826
YAL010C	MDM10	10.9303562552342	12.1046619439736	36.2951089226445	29.783933530565	9.93432962686716
YAL011W	SWC3	9.99417365388253	23.9826741973804	35.95531115863	18.9768813464975	16.9898574975909
YAL012W	CYS3	242.658681461643	235.863528220832	545.980054244985	378.33670338893	226.758295387188
YAL013W	DEP1	7.89940655365492	18.3475846422297	35.6573138284039	20.7123197645719	9.86952173840907
YAL014C	SYN8	15.4260024409935	21.2458050308656	44.5929979899069	26.9372032786216	16.3657105340978
YAL015C	NTG1	11.8426053001976	12.2429579900815	28.5520521623894	7.88589609859104	5.91833776082469
YAL016C-A	YAL016C-A	0	0	0	0	0
YAL016C-B	YAL016C-B	0	0	0	0	0
YAL016W	TPD3	147.962437764384	159.799436603585	324.423874555409	193.830385970848	103.973478543634
YAL017W	PSK1	102.023270394007	111.012966537363	205.218134495067	102.004585533437	60.6322750769529
YAL018C	LDS1	0	0	0	0	0
YAL019W	FUN30	101.846861881086	109.346264582589	234.332278061806	187.511411062729	83.723935415118
YAL019W-A	YAL019W-A	0	0	0	0	0
YAL020C	ATS1	11.7525092492229	8.26802607282414	18.593388344639	11.7351422638365	1.95720010309259
YAL021C	CCR4	105.481675706514	101.08450482628	201.073407927803	134.558609013118	78.3724627152965
YAL022C	FUN26	41.7882531142257	36.2368136726158	86.5207226160046	54.6777176084874	26.8588479871762
YAL023C	PMT2	302.920311696181	320.887542270956	654.349739275398	431.10264806262	244.774661315857
YAL024C	LTE1	49.5198669984505	51.0475960877174	97.1362494171976	68.7102472477987	47.5186469658366
YAL025C	MAK16	18.5283608640999	30.1946223081623	58.2765475532679	47.701855351269	20.4591500368416
YAL026C	DRS2	122.225120867725	163.08262791186	302.536797723531	180.174048833602	124.938783878991
YAL026C-A	YAL026C-A	10.7541956913499	13.529720471149	31.8286974235801	13.0132889372293	4.77980327409272
YAL027W	SAW1	9.65710086000484	10.5918751215955	21.172738440817	4.81844952519741	1.92866744401066
YAL028W	FRT2	8.95955166161472	8.04538243982464	19.097850557322	3.97884058141075	3.98136217782673
YAL029C	MYO4	177.902510651561	173.704078218421	352.131909356265	243.567492552991	140.562802407742
YAL030W	SNC1	11.7339155740021	18.9785422122402	58.3651590947062	12.467589154514	6.62623448081998
YAL031C	GIP4	38.1166330325069	39.7370045154987	71.4894269161534	35.0905489176355	15.0479639864174
YAL031W-A	YAL031W-A	0	0	0	0	0
YAL032C	PRP45	13.7890461259564	14.3309712929523	37.8550216601197	17.7067171393317	12.7967330087807
YAL033W	POP5	12.0364088647263	13.765901884247	27.5174920635042	16.6045526851302	6.45800728298282
YAL034C	FUN19	15.8099242268987	16.2898366268504	44.7737641666988	10.8572580931863	5.9260375309557
YAL034C-B	YAL034C-B	0	0	0	0	0
YAL034W-A	MTW1	7.77622146303532	2.09411713338353	26.1628570369241	4.85115369671786	5.82588190263038
YAL035W	FUN12	411.866661228685	473.872371364715	859.433920221528	760.052473812644	390.82928450004
YAL036C	RBG1	48.2092673979993	59.4799030931759	150.672424975832	80.5727349765574	46.2129663052402
YAL037C-A	YAL037C-A	0	0	0	0	0
YAL037C-B	YAL037C-B	0.966309466236713	0	3.0686651852379	0	0
YAL037W	YAL037W	3.86888759203858	5.2813654564594	10.5572401325256	3.86092625496918	0.965902477309537
YAL038W	CDC19	5664.14976263279	6419.39703199103	13553.5238866358	10207.1606795924	6290.99753454749
YAL039C	CYC3	8.70931334749025	17.94090984769	41.1371626741468	11.5887632862071	5.79840182636749
YAL040C	CLN3	33.9246053871027	44.0851283880474	92.1300793717665	49.8540364428357	35.9173863848759
YAL041W	CDC24	61.2978696789641	64.3863431324081	138.606189105193	89.398438860516	50.2541245592127
YAL042C-A	YAL042C-A	0	0	0	0	0
YAL042W	ERV46	139.348756023989	148.602436433756	296.033082695446	165.849444932372	100.760506808105
YAL043C	PTA1	63.2266298882888	66.5033982210546	133.929728333119	77.2415636635493	44.1648359229876
YAL044C	GCV3	30.4746206291136	65.7442200250191	141.795359359808	43.236085560839	22.9971814636277
YAL044W-A	YAL044W-A	4.07326542170892	4.7832606002781	22.3102793459779	5.64486013135671	2.40765249088842
YAL045C	YAL045C	0	0	0.969385571991647	0	0
YAL046C	AIM1	1.68182531953229	4.33533789417195	10.1105299880281	6.67482201427179	4.98956541613604
YAL047C	SPC72	19.9863290338973	22.9871526120787	39.9568754072211	18.9748845633135	13.9901797265667
YAL047W-A	YAL047W-A	0	0	0	0	0
YAL048C	GEM1	18.010438543276	20.9454575615659	45.8566762645501	25.9998447725147	10.0061111592227
YAL049C	AIM2	25.0010256897126	39.4934252228192	69.3442760163789	31.6600633895377	11.5195886374138
YAL051W	OAF1	38.2861224561385	59.1855233559921	117.323601929057	81.5859978548424	39.3054906222838
YAL053W	FLC2	116.412541743958	128.052211409113	259.939840747426	134.414672952023	66.2444483749932
YAL054C	ACS1	3.00590390582817	4.97589241343252	6.96262815686247	5.00719924539125	1.00205325550418
YAL055W	PEX22	5.58657216868068	1.13414857869241	5.66779510938932	0.927999993701601	1.85632971880252
YAL056C-A	YAL056C-A	0	0	0	0	0
YAL056W	GPB2	61.3240204547445	48.5043973848631	131.58635551895	71.3495703630262	38.2100650938139
YAL058W	CNE1	22.8658780005188	27.213008888585	49.3608993471508	38.7394067242959	26.836704047663
YAL059C-A	YAL059C-A	0	0	0	0	0
YAL059W	ECM1	16.1345874774336	25.1411281429741	45.886021106556	31.2385690956808	18.9410893122848
YAL060W	BDH1	48.2767543476188	54.2244471830723	116.573087553231	42.3131569812728	27.5711434919187
YAL061W	BDH2	29.6536790754514	15.2630773438093	83.3947828743899	8.88635476685511	4.94010676729126
YAL062W	GDH3	4.95722686621503	18.2241408698387	34.4054831043705	13.8667701931706	3.96449803601415
YAL063C	FLO9	4.07398128816973	9.5818814997568	9.80076943978902	4.30700504959257	1.12082117121467
YAL063C-A	YAL063C-A	0	0.969896019889955	0.969391844147162	0	0
YAL064C-A	TDA8	0	0	0	0	0
YAL064W	YAL064W	0	0	1.93880407569109	0	0
YAL064W-B	YAL064W-B	0.878335155542436	0	1.3768854289685	1.74440822235931	0
YAL065C	YAL065C	0	0	2.49329109193786	0	0
YAL066W	YAL066W	0	0	0	0	0
YAL067C	SEO1	0.992965554747065	2.98736010450506	3.98107624872425	0.992288054517852	0
YAL067W-A	YAL067W-A	0	0	0	0	0
YAL068C	PAU8	1.69295227853402	4.25433418414425	21.2606133943499	2.52084258777826	0.837726276824887
YAL068W-A	YAL068W-A	0.526706895997537	0	2.38467964438401	0	0
YAL069W	YAL069W	0	0.9699010036838	0.969396824749305	0	0
YAR002C-A	ERP1	60.9309849684104	83.6804707297646	169.446332042111	81.6730839536793	60.8116497045712
YAR002W	NUP60	56.7736064247143	60.2886638437054	121.518937429295	60.7104982695875	38.8394412468284
YAR003W	SWD1	26.7079901977605	17.2769446436864	35.5516898775969	21.7388850716337	14.8316681431845
YAR007C	RFA1	55.9598242126422	66.9662497132722	125.871064487806	94.8710710947044	44.9668512268789
YAR008W	SEN34	7.7527028760355	14.7376118951789	18.9385083229118	3.86868826172257	4.83919761473147
YAR009C	YAR009C	16469.2560419746	16627.3129363308	32192.6472800465	36120.4438035775	17092.8380169075
YAR010C	YAR010C	5664.23469158716	6130.47186691415	11932.1348739632	13281.5418365196	6064.03194749885
YAR014C	BUD14	54.1008144667385	60.7157310833441	167.130172013414	67.0894179993035	50.0974138205744
YAR015W	ADE1	51.6843750487018	65.5952139903282	156.097895216143	88.5891599122741	37.9955643473644
YAR018C	KIN3	19.7975825733477	14.2114967520372	28.4082185587611	24.721340579392	13.8529801310875
YAR019C	CDC15	21.1398451831799	34.5722476980107	71.0830824955856	25.1581910205214	18.1247135571086
YAR019W-A	YAR019W-A	0	0	0	0	0
YAR020C	PAU7	0	0	0	0	0
YAR023C	YAR023C	0.905949738490492	1.10604573658019	5.52735394633852	1.80579712967032	0
YAR027W	UIP3	23.9521950588314	35.4564866553402	79.4671547847125	24.8500816094918	18.1702375106662
YAR028W	YAR028W	17.2394741760626	13.9766730971715	60.1759100283034	15.2867364688227	10.5157555943065
YAR029W	YAR029W	0.389450133648741	2.31003551494021	9.23533880952628	0	0
YAR030C	YAR030C	1.68264842760458	0	3.11644200893098	0.833634562881814	0
YAR031W	PRM9	18.5012471168698	13.5699012509185	43.2105097811149	11.6642689621035	7.78212531985747
YAR033W	MST28	0.957748560356051	12.901544394306	22.117539344672	4.77710513597046	2.86793333887421
YAR035C-A	YAR035C-A	0	0	0	0	0
YAR035W	YAT1	2.0025766624658	3.98506215993507	3.98299063507088	12.0087829281584	2.00269423545211
YAR042W	SWH1	104.924858593506	103.353356679446	194.793590029282	128.099240689703	75.6937735918705
YAR047C	YAR047C	0	0	3.01931331442721	0.699358820882074	0
YAR050W	FLO1	6.03251418684135	8.09209728199346	14.16612147383	12.8746284501238	6.97053180101851
YAR053W	YAR053W	0	0	0	0	0
YAR060C	YAR060C	0.835491397329223	0	6.41442709296665	0	0.823833215364187
YAR061W	YAR061W	0	0	0	0	0
YAR062W	YAR062W	0.953034116273533	0	2.24060013302031	0.950320912642353	0
YAR064W	YAR064W	0	0	0	0	0
YAR066W	YAR066W	2.83450172399358	6.61424925066968	8.81441467437692	4.71123221373188	10.3684106806096
YAR068W	YAR068W	7.32110853964775	10.5752117193569	25.8370798133818	3.6450846770774	2.73401876588065
YAR069C	YAR069C	0	0	0	0	1.01922255438856
YAR070C	YAR070C	0	0	0	0	0
snR18	snR18	2.15368847030745	21.3742610708169	10.6815751055063	5.69895616528109	5.72068225770464
tA(UGC)A	TGA1	0	0	0	0	0
tL(CAA)A	SUP56	0	0	0	0	0
tP(UGG)A	TRN1	0	0	0	1.01863290443356	0
tS(AGA)A	tS(AGA)A	1.01852507870867	0	0	0	0
